firstname,lastname,email,verification
Lelah,Bartlett,lelah.bartlett@yopmail.com,96
Kirstin,Pierette,kirstin.pierette@yopmail.com,73
Annice,Nahum,annice.nahum@yopmail.com,38
Lorne,Bahr,lorne.bahr@yopmail.com,33
Layla,Tengdin,layla.tengdin@yopmail.com,18
Eugine,Garbe,eugine.garbe@yopmail.com,94
Orsola,Duwalt,orsola.duwalt@yopmail.com,15
Alisha,Ball,alisha.ball@yopmail.com,75
Hermione,Henrie,hermione.henrie@yopmail.com,69
Linet,Whittaker,linet.whittaker@yopmail.com,36
Lelah,Zitvaa,lelah.zitvaa@yopmail.com,77
Cherrita,Regan,cherrita.regan@yopmail.com,63
Fernande,Percy,fernande.percy@yopmail.com,89
Marline,Donoghue,marline.donoghue@yopmail.com,91
Susette,Sherfield,susette.sherfield@yopmail.com,55
Dulcinea,Taam,dulcinea.taam@yopmail.com,87
Tamqrah,Artie,tamqrah.artie@yopmail.com,77
Sara-Ann,Leonard,sara-ann.leonard@yopmail.com,79
Teriann,Zeeba,teriann.zeeba@yopmail.com,14